{"cameraMode":{"drawMode":0,"name":"Shaded","section":"Shading Mode"},"sceneLighting":true,"audioPlay":false,"sceneViewState":{"m_AlwaysRefresh":false,"showFog":true,"showSkybox":true,"showFlares":true,"showImageEffects":true,"showParticleSystems":true,"showVisualEffectGraphs":true,"m_FxEnabled":true},"in2DMode":false,"pivot":{"x":-2.950739622116089,"y":-0.4499359130859375,"z":5.39852237701416},"rotation":{"x":-0.5246514081954956,"y":-0.0035936404019594194,"z":0.0022121109068393709,"w":-0.851310133934021},"size":6.931407928466797,"orthographic":false}