{"cameraMode":{"drawMode":0,"name":"Shaded","section":"Shading Mode"},"sceneLighting":true,"audioPlay":false,"sceneViewState":{"m_AlwaysRefresh":false,"showFog":true,"showSkybox":true,"showFlares":true,"showImageEffects":true,"showParticleSystems":true,"showVisualEffectGraphs":true,"m_FxEnabled":true},"in2DMode":false,"pivot":{"x":1.9734513759613038,"y":-0.5543060302734375,"z":-1.4102363586425782},"rotation":{"x":-0.4134013056755066,"y":-0.021306397393345834,"z":0.009676443412899971,"w":-0.910247802734375},"size":4.635196208953857,"orthographic":false}